Borrower_ID,Carbon_Intensity_Scope1_2,Transition_Readiness_Score
1,1448.912420537858,0.2392103088027733
2,208.95570056842337,0.6853514592984242
3,14.350750713907201,0.7817385281243109
4,239.9805813028122,0.37096624859231847
5,908.6576229363559,0.2131707409400754
6,1056.9913435410972,0.44683894657488793
7,1054.8399887813541,0.17693987504779354
8,229.601841290999,0.8330180491093896
9,159.6204329950852,0.44503615990679013
10,16.49124778934607,0.9456397442954989
11,1011.4944639031378,0.312103977469867
12,236.97726035979696,0.5989931703668988
13,18.034548996492692,0.8339315710726002
14,970.4516002811226,0.2321619330008215
15,932.048542512752,0.29813684004220214
16,1057.0579467578277,0.12722181862473617
17,1831.618975173362,0.42219279158313383
18,285.5700877892067,0.5287997186189678
19,1856.4068438418685,0.4694294092007366
20,2135.5579509491004,0.215110338376268
21,216.20182213532667,0.514427993932529
22,951.0636268348682,0.08903799779096143
23,1746.8814733475176,0.281548083692806
24,1475.798343084732,0.33781592282049283
25,269.961397503558,0.5816676124108869
26,21.312640061616626,0.8312314069907414
27,937.346742025294,0.21946172363190974
28,108.98009759640821,0.7771484573246018
29,208.9264584860239,0.3744946057198508
30,1247.9054963801389,0.33498054815922923
31,227.8568809201741,0.6386372294934151
32,863.61340336043,0.3122801221235532
33,960.9082970349832,0.16282911714008308
34,113.9158712536522,0.6589280777967537
35,171.7469763224404,0.2677520659002145
36,22.216989753180282,0.9206903163290376
37,1575.9164162127222,0.16861604327572818
38,953.067517607071,0.3151972340911852
39,158.70836133809763,0.6706419332629927
40,2041.8988987289558,0.3056429297182979
41,897.3444866863298,0.12381232709995796
42,277.81503977579666,0.43751479774599
43,919.9174043967702,0.06644577847238115
44,210.51231100011466,0.6190321384599479
45,1673.3454590579454,0.5791799438788279
46,200.80604487303273,0.30132293739639365
47,1655.957595798642,0.2920298602652074
48,199.662379742243,0.5947721958836099
49,181.63980328941258,0.5951518529628714
50,878.9667509785108,0.5491670538743006
51,258.1688027581775,0.36398897004839
52,17.52253927741052,0.4465888999801323
53,168.45767985264055,0.2802870965448205
54,146.0045079569596,0.5974866576653869
55,242.65826532065958,0.34838974785677457
56,187.48819171714626,0.5136514827587532
57,1046.4769894302447,0.22708267629550152
58,886.1696758569117,0.25963410472496723
59,1020.2533313933856,0.2512983698073869
60,2119.5811720392817,0.31131891913056864
61,2023.3362550135043,0.42619596141938787
62,1824.694462901708,0.3419397771277147
63,14.669839141861598,0.8048852566290015
64,1661.291822107563,0.5983497644558279
65,2112.0511059061864,0.10282996145666787
66,188.26173242805913,0.5491594857514083
67,809.7630716576175,0.4593317384590284
68,17.1088991668954,0.7531628150492111
69,1026.9031655442275,0.20807363177176053
70,199.8247136620663,0.7866664186362673
71,23.573728249444727,0.7336396654095588
72,1091.8918071912685,0.323485885055623
73,1037.2817083178334,0.19747015740893517
74,6.370155749502622,0.9785434031985251
75,25.68690548814457,0.6497014220844507
76,28.170705044427457,0.8070664353315669
77,28.026779811809032,0.8940564655565403
78,1036.3871659552005,0.11485177632130411
79,1717.2210115450287,0.14073984055469344
80,759.0943649648865,0.2883416091290576
81,219.94960787508478,0.37470888372469763
82,201.4997119346588,0.3186668580880927
83,1919.5075411789458,0.14288084906271892
84,757.1318565137158,0.5309751090916568
85,2035.9884260076929,0.4329951662599344
86,1613.1691585900917,0.5744329795608005
87,26.217345641729818,0.9099629797336871
88,136.77074427010473,0.500385603625189
89,243.26448780676247,0.7856705095736143
90,196.7449730622348,0.8158934850329305
91,809.2912805215983,0.06981267325609894
92,20.876225970162803,0.6475087013207915
93,26.57037490762302,0.7854655064687968
94,262.36926459873314,0.32759398756736
95,17.610800746481043,0.7486087964158075
96,204.56505855298343,0.38603433820506927
97,229.61647735066717,0.5978362441217047
98,1661.1646528229296,0.21499231845257893
99,953.4271814200222,0.07505333991813244
100,1103.1642466149037,0.5595824982612658
101,862.3302914380707,0.6395013952168347
102,181.86985831601524,0.4423725669587717
103,1909.613384941434,0.22009272218261403
104,160.92477683630284,0.6098495301066814
105,191.57901439855596,0.6406742137346476
106,1056.1086628158864,0.266242749573388
107,1945.954587406839,0.11533264363342265
108,28.698487035600333,0.8154960439031813
109,1049.1191112926667,0.16912325501071013
110,1107.4948699307638,0.2999515162372126
111,1631.2292245150202,0.6422791149173924
112,928.6323231130139,0.07068541934375874
113,179.65128168133145,0.6624279900489481
114,11.88115823975211,0.7348968255559364
115,355.88405646040235,0.3416821383690229
116,281.9651941684548,0.5867441618025947
117,23.63397023200902,0.8531160040032604
118,895.856835492574,0.11897933111955554
119,177.8196584896307,0.5198666447144308
120,214.59400130581582,0.8362423370214029
121,12.644367973132411,0.771322486544793
122,221.83662777824176,0.4661767048232616
123,2163.9543574625195,0.8120553933015253
124,950.2146282126542,0.12899536677604845
125,1085.9297599364807,0.22071641364301645
126,1974.5865735150915,0.6105300414538382
127,18.87096625461979,0.5898036619858211
128,284.3298068011094,0.27847618822907366
129,946.0855973031659,0.3218601826146428
130,198.87655116627164,0.6636709091533988
131,1604.3490123879046,0.16635697479592476
132,835.2658483678671,0.186282170601868
133,983.899351380942,0.543663388403616
134,1791.6239890069862,0.4671719056111085
135,162.19979902716977,0.6705953133880476
136,1549.6792815070512,0.21399131622994677
137,194.11663489035732,0.42438453559960065
138,20.329687967139936,0.49835138182694333
139,1848.3604143111497,0.501464653620445
140,176.80260152577958,0.37625668599084766
141,242.57955229465986,0.5534759458206208
142,1636.3325033327494,0.1693550409797211
143,174.8565623164522,0.7185446997198175
144,1936.068515597265,0.1161877438140421
145,1648.0653964494893,0.44190942228697444
146,1044.3051446606796,0.5750894106312757
147,210.44267712671657,0.31571832159716795
148,177.77612334044863,0.4845196492925054
149,1007.2445306155101,0.24883055660793402
150,1731.570687375308,0.3366263358959005
151,264.139748441949,0.5835552077723917
152,861.8685337677257,0.45622323711437546
153,886.9857169857653,0.27470939195743216
154,147.07158608717387,0.38070871043008936
155,106.24963062640317,0.6530198108110034
156,779.4448409100395,0.49423259884621745
157,199.00408018501344,0.4143981464994386
158,11.167006402930253,0.9231388104683289
159,953.9713821719635,0.052249165324719515
160,23.911863851460815,0.7821850535369668
161,2152.982761110154,0.5457041952889632
162,163.5197818149167,0.47082697397176604
163,187.27619616773293,0.6731397510679578
164,252.37484574379954,0.45680963117598805
165,815.2004215632832,0.08365508799074921
166,14.960028805657547,0.880673391239523
167,1924.2693479938205,0.3753084149881397
168,1086.5522980406188,0.5504403843292074
169,969.540322128332,0.33510686779375726
170,181.9861576561512,0.6072490368695033
171,168.62896327868134,0.7874102371905711
172,999.190901742724,0.12801869125320048
173,286.2846896407385,0.5356201127713526
174,1015.0088908081644,0.3793879720849339
175,287.2430703311747,0.6334351132695764
176,1097.952720351852,0.5555536043507401
177,249.26998557250246,0.35930383308534075
178,1844.0227746602905,0.6142749164009422
179,263.0424759999655,0.7141331936486413
180,987.1719238690043,0.45132720937703996
181,1921.9760094380838,0.27027350243888126
182,1081.5887267046116,0.3709464413376127
183,217.1053019825209,0.5709676507407064
184,123.71910358508752,0.6366676941838273
185,1493.463205815253,0.3319620062932589
186,155.22270576413467,0.6125084791833276
187,14.571261446092253,0.9522670647337792
188,167.6076975796953,0.2320053640939088
189,259.46132306278923,0.7419361632345027
190,946.7972430841355,0.0891976305203799
191,989.6366956467351,0.31367168089409564
192,133.160739945816,0.7165130890476292
193,249.71494133438117,0.6604424509474031
194,181.82189777237159,0.6218559232407102
195,1724.9185107032076,0.723120146683395
196,1802.3851961542953,0.7521354774980267
197,13.435157350263635,0.8884191493676873
198,166.66856921606774,0.4741330067803493
199,224.5996743418248,0.5036583965527393
200,23.559787333586325,0.49536419972377305
201,179.11084937431906,0.6011507218572909
202,951.318026088669,0.18525332699868083
203,950.7727893175685,0.1958924485800157
204,156.2680092925973,0.31714016169248693
205,224.1395062030159,0.3534150322192432
206,971.9641586617015,0.5928709948971356
207,1016.2841093021633,0.12059821432166305
208,97.4600072002926,0.381155490799978
209,921.001864556336,0.426144947518979
210,872.8865032766372,0.2022646501752464
211,277.1138313830651,0.3775136483941102
212,171.96027653800124,0.39200922227400914
213,170.15032057895337,0.489135209253881
214,836.8594389864962,0.4775084351417649
215,24.972791178708107,0.742451309238174
216,877.0366354664842,0.33649528524498484
217,1533.3703983045582,0.6765296421102837
218,22.74714753717882,0.8204123312539489
219,138.21484889752955,0.4179272395432594
220,26.62092618572779,0.8222168376814434
221,179.79214202603487,0.5411013348512366
222,200.61825475682662,0.47997466704720154
223,935.9446514497569,0.2354897748023317
224,1936.2079192089043,0.534353448827923
225,1863.390401396823,0.2669073697524874
226,1029.6965795509925,0.6814360894295374
227,135.0948048156421,0.46698993215615414
228,1775.6960643599523,0.5303064782758476
229,258.3264168110502,0.6926496096320528
230,168.16024492252214,0.5844928236125807
231,25.076104459071527,0.8995312606160469
232,253.65104974018112,0.5118049157139737
233,160.32701350582641,0.5444799731531718
234,230.34149361412872,0.7522295312273122
235,918.0173722111243,0.254568975173603
236,22.260486442253438,0.7562735153298894
237,1688.9427794797928,0.0632470379408899
238,1022.1119520875852,0.37495013253507264
239,155.18162260874095,0.5045899709876854
240,1043.5457364848776,0.346988725229624
241,188.95341375301936,0.5755318363002306
242,150.005235387595,0.7320688483280907
243,181.91380819533066,0.3407480432679064
244,1929.2898737084522,0.7688089663774397
245,917.3352436811389,0.3444593124021728
246,136.80595854629445,0.7379555045846812
247,1622.8058532204445,0.8876677267427318
248,165.66703954133408,0.34965011654450534
249,240.5130022187667,0.725215389549633
250,175.47381737342135,0.8060536965340083
251,1865.414474975569,0.5024321566988729
252,1516.8457973888353,0.5243319056294373
253,186.59304303791183,0.21158341654205365
254,1758.483130971392,0.44348725482668516
255,937.941281152653,0.19961579072116226
256,150.01755578428882,0.32648754099655575
257,196.4439854584832,0.5569874995662939
258,215.25002726048643,0.558550630005132
259,200.1115811081201,0.484360198063221
260,980.0749017180796,0.5397739482758297
261,264.46015257034367,0.7641875625942872
262,180.78373865706138,0.37497510590120936
263,1084.5935007838316,0.4122089785672231
264,65.03388252838502,0.6192340252659021
265,214.40141841527446,0.5689968705383329
266,26.573942457595088,0.7738461370920455
267,200.44288518344476,0.43419818718480113
268,15.697267137256857,0.5943232605195639
269,2219.881504100502,0.3430321628882207
270,2098.356432684812,0.4200887096147775
271,17.698466187128183,0.8018832382410946
272,15.279362217687899,0.8510003262903305
273,216.0465030962829,0.73937414292797
274,99.35459780533218,0.5236769286122154
275,294.46393977519983,0.37863644113677025
276,222.95900836674318,0.34235747415229023
277,19.87856752164987,0.9519947809153365
278,243.42221552979657,0.6892404728655533
279,17.48174869812202,0.9661359402420366
280,25.76019349156865,0.855727695494746
281,221.55114790054466,0.36747126081899695
282,1839.593219994711,0.6607608951456735
283,1437.6021324875892,0.17381923718163483
284,668.3389199982732,0.06297965445997282
285,179.25418609398363,0.5571035988792661
286,1066.0401829267341,0.13766447172685592
287,189.88305465649563,0.5092467965018781
288,218.52992069901057,0.5167351959381536
289,1541.3755499190058,0.56189486119324
290,176.17599347742845,0.38497426107219207
291,968.3012928311482,0.10333753712515811
292,1077.249654390778,0.13636244028998737
293,20.171666942844176,0.8693037793530256
294,1913.302385888238,0.1142884403795353
295,985.9055093480366,0.3631642967128624
296,175.40902547585847,0.2948489978344132
297,22.201769969389566,0.7025355575090784
298,935.2639865243711,0.11697491644079362
299,257.6751424890772,0.625302056239294
300,891.5704970319518,0.40069975750537834
301,946.1676164302628,0.44057834957146275
302,253.13847997643995,0.4268131697047932
303,155.55701509821625,0.47293600421980697
304,142.07582190733822,0.7482519183977375
305,18.332568595151525,0.8798469997459566
306,208.72657041722422,0.7016592836670389
307,186.34966259887076,0.5531011503307011
308,1757.2089141624901,0.20143942879938503
309,11.914140549772277,0.8867657742410187
310,1503.602291774841,0.5731355736619005
311,1852.7511169645152,0.42587046218977226
312,1028.8970125046922,0.44964764832567733
313,993.5947629715472,0.19132180536559842
314,60.245646702904025,0.10960462380800562
315,16.233981092045145,0.8990653191603191
316,187.55761405044854,0.3307181051060919
317,1951.4064130107954,0.37079961431484665
318,949.2959091469301,0.4252514558201444
319,1018.2338782059659,0.4440390683881205
320,1748.0695183410612,0.3243456734841637
321,310.3234489942336,0.6696084734673188
322,19.83823623164653,0.8514711171139777
323,230.61349050526962,0.26764369854024117
324,1705.1296210221258,0.4295236124642008
325,174.66825831060405,0.6884636695938651
326,21.25315837170732,0.5478756938433782
327,246.05129198654967,0.4724869184967383
328,212.41298982452398,0.2536667103814447
329,1801.276308192663,0.086816611332534
330,845.2850172220043,0.5254171748804622
331,1842.5648797339938,0.663851913349909
332,18.654322242043786,0.8653147626975805
333,909.0659424781376,0.07707143947962436
334,895.321584408429,0.40834819050728666
335,898.1362002515424,0.5201080176608981
336,885.218269877191,0.5242593831582256
337,126.16713882409734,0.577607060905338
338,14.977455845335882,0.8523053777877729
339,156.7857369029732,0.7835560150690789
340,729.1627810987097,0.08802358843622454
341,168.32052422530936,0.12083289515270948
342,194.17975502694497,0.48536998670748893
343,931.277267849312,0.37153578205034005
344,2093.5566610742485,0.4406795377091597
345,1515.1664799624803,0.646174406328997
346,157.17716738771193,0.6300230839954312
347,190.6136488210058,0.6370252067823816
348,1023.8193959258272,0.07310494135543387
349,1813.1577297297924,0.6880629137713646
350,240.3862864177524,0.5099529447394753
351,189.24018382199097,0.4417846381760575
352,261.18034417288135,0.5537602571823097
353,207.43903174036527,0.4816250446007267
354,976.0171890336454,0.03412243878816832
355,912.3577445411805,0.4645282679001268
356,287.69126224248737,0.4638606275137693
357,944.3211404113723,0.11046350528305275
358,144.2638372022496,0.3830797409126711
359,228.43223080063854,0.6126100630366887
360,220.62422313957563,0.8221701534974651
361,1763.1421996334577,0.2992714711261865
362,124.59928136835859,0.47706386203490997
363,206.17145908518245,0.4122656428273758
364,235.83528411193547,0.5578963867214058
365,158.13096051587667,0.6027047414660814
366,1993.7363783262442,0.32464456450021656
367,267.61812729630753,0.31598216002452567
368,327.06705160152626,0.37715384850462463
369,892.1787901780247,0.37808842577192014
370,888.3167399022832,0.2274442729895193
371,1011.3460165671837,0.30007498110179903
372,1116.0426853493348,0.1605174623599552
373,921.1849737577484,0.26640797845395897
374,191.40067522959112,0.44060591634499713
375,926.3462616631465,0.04768308655385286
376,2049.693607884552,0.2665400067130573
377,15.57143100100155,0.677408721464488
378,837.7745021207098,0.41413728453468324
379,16.24794936122672,0.8770043559300867
380,2075.698044430546,0.348703004709773
381,942.4328927342937,0.5491975329252593
382,178.753658222152,0.7090469923538204
383,183.91236480048957,0.3773796593096449
384,304.66978625249635,0.664074102537209
385,26.33330626599206,0.5246537172879855
386,16.33498540443817,0.7106264146289456
387,2301.0897810713786,0.4298968995920245
388,1127.102115039806,0.5260871285486125
389,20.015300583692863,0.7349678230348126
390,24.80750047151984,0.5767277611332591
391,188.31965195085672,0.6442424489256465
392,1452.8964779280548,0.3469831749302384
393,1623.6078471465653,0.10446971104092798
394,25.696356995985507,0.6587659993603152
395,1735.8432276296003,0.1834803900605049
396,163.29449743806293,0.3860424131780099
397,133.54961813882758,0.401369469351611
398,1894.1197827006717,0.18308889294717356
399,17.99395396727661,0.8280670332764019
400,25.425889240861586,0.6252856053322391
401,994.5838875229247,0.05177036559407452
402,185.45674149046627,0.4378151636408086
403,87.21043344526262,0.4159294604671275
404,29.025446752289454,0.7360268216156944
405,1660.0798382595272,0.3491776157928757
406,325.26326227367326,0.5120831350089552
407,1712.7473935639941,0.6187007920297672
408,918.8779102491447,0.5785296608773252
409,128.93250273407264,0.5570844042823841
410,921.3617329826612,0.31290337257653855
411,1797.6005310744551,0.1905942622304129
412,150.62486032652657,0.3329900862442807
413,251.0981388339071,0.674284033998198
414,172.85662026237316,0.3655926249098492
415,275.77069076741043,0.7440629320477569
416,1545.0777417279653,0.5789788016262108
417,2123.4089849043366,0.35630633002713286
418,1968.7942048811187,0.35826427520383797
419,143.74010861311385,0.6044076712494458
420,25.98052317753958,0.8534742703600711
421,20.631562572934996,0.8387733329013047
422,13.150071137665485,0.7037580980233501
423,1029.856667311059,0.38615649500069943
424,231.06951682691505,0.42893822391761954
425,789.5294990202187,0.4248963788133191
426,207.42489033139557,0.6857342260369361
427,2076.027787773703,0.4433822626027635
428,211.17628622381943,0.50276259186052
429,1776.0882486747207,0.08504084653240743
430,1077.1665233296499,0.14408609670095587
431,891.2262030680101,0.23545614271441245
432,21.955401748332672,0.8644925527285925
433,220.45704613879968,0.5454311017601486
434,987.146068831751,0.11026951325831572
435,964.6475611653318,0.32695091427948714
436,20.59007982053953,0.5861026359354846
437,926.6791501793606,0.26693646167085533
438,16.754269076205464,0.6008111643194709
439,12.588016065021156,0.8785137266011207
440,992.2291631263396,0.29335153434268224
441,922.7573099069128,0.5695138501651331
442,216.70788109365776,0.6105333199326611
443,1858.8164077586428,0.1327580988594999
444,2171.495441859146,0.15521743382994965
445,23.89914320377525,0.9150726638162126
446,238.79887832030803,0.434449033034583
447,191.42521998058803,0.527908159332162
448,17.52504900545967,0.6693947843371845
449,1657.9726786325236,0.18905225492915026
450,790.7517027721794,0.524441225659598
451,24.48827885824872,0.9328055786933045
452,246.8807421754799,0.3974732720368761
453,1397.1873451524473,0.6276239799514685
454,209.60571335393342,0.5010891477499093
455,1018.5619374218483,0.2574243437974659
456,288.1809603875395,0.5633512190963073
457,885.1001479526842,0.2966672456019807
458,152.90924892763348,0.5923149542609046
459,1044.3597776272945,0.6871629760349924
460,954.5807968531597,0.2800703390019056
461,921.2890495137657,0.29013321410221643
462,178.954953071253,0.5161268741897992
463,9.991299162618692,0.9196008616774974
464,285.59034337647523,0.4723046392278704
465,117.14282074338477,0.3648583932520121
466,2429.929602226908,0.8014942229962917
467,1739.8651279112635,0.39853358393356825
468,192.77056415069728,0.5541378311736626
469,911.3070553400053,0.3171046422835562
470,241.34446099083544,0.5857255461117806
471,842.410617127574,0.566765317581613
472,165.81571424854576,0.5668942514238247
473,966.0268857417577,0.1814622442458785
474,160.3416470561826,0.6187117677885385
475,214.10181052311103,0.6707444919187914
476,227.90198357595082,0.38191283419162847
477,937.6107636764799,0.36407561708451747
478,221.87122428614674,0.40622698919389927
479,150.66704861379446,0.41377155111255937
480,206.57964802809332,0.5797309571340376
481,217.3698743217381,0.35469621349842373
482,214.16890012008813,0.6161992846743168
483,182.129247591465,0.3655744408061584
484,186.34893912920361,0.3926186513932991
485,122.74717962967824,0.48953763764802044
486,276.12194548782725,0.36425637511591097
487,858.6541420367778,0.45096360696003185
488,2126.910338415393,0.46179351720851125
489,169.29282343764078,0.41665988095116246
490,169.66845863389312,0.4993729119773377
491,205.08150267667122,0.6742389211201623
492,241.77913881698638,0.3527099640929287
493,1411.500461807646,0.5782053820322313
494,822.2582001218968,0.6736866197447898
495,207.44043808397953,0.42744660354952363
496,1893.6475219393776,0.3659877133939289
497,280.40336235863646,0.6187869896368317
498,811.3231789162314,0.24905412985435418
499,219.76536263246655,0.33204460049578066
500,248.43725543956228,0.6541834846815583
501,190.33295251601885,0.6205517210642061
502,212.1556674141858,0.5315341986196493
503,1451.0934222787891,0.3594423324137351
504,22.561471552521294,0.5387757427944894
505,220.03208191699184,0.2485227221974798
506,892.2597807770561,0.40847918917456877
507,120.11901354157717,0.7743235458600497
508,21.372379007889045,0.9440408407124639
509,192.91686840638783,0.5076700863471358
510,27.273027695344318,0.7274487994624707
511,182.6237528740571,0.7982266712304049
512,1708.6130321730514,0.26234758407775266
513,175.00644827474838,0.7183307521979913
514,221.67276189503156,0.2685117429241769
515,992.0536705904069,0.1987994057271497
516,922.4089787597969,0.1307159506507281
517,1982.1888807678952,0.4731406635459508
518,5.9809214832104,0.6522219333837991
519,200.70541781265624,0.5244866493434379
520,1059.6117935409184,0.4807235880480208
521,173.42942994307876,0.6672945826693619
522,1610.8456707853445,0.4769728937543481
523,114.76070471049428,0.6803676715228704
524,21.221915635985905,0.8767442883316988
525,17.6857185714281,0.7154516248869722
526,184.82561202507821,0.8100048374557401
527,1600.2127247508818,0.2798297530388651
528,1569.306559762777,0.4801314216565039
529,896.65475542241,0.412318792660699
530,166.71000649491148,0.7981918435631542
531,21.958490080052364,0.6876291789084666
532,212.7203439373326,0.6734214661061939
533,123.51255224979542,0.489465314186117
534,263.72175721364096,0.47443920550490387
535,25.262736553673744,0.594756634811213
536,206.48615243416867,0.21834776936536296
537,22.6644586011352,0.9793361208954439
538,908.8541369209513,0.1308970792360669
539,123.51129599453319,0.4887605120667245
540,880.4451665508127,0.17154464881413592
541,134.3766348275725,0.6085043810275262
542,177.9718233030053,0.24506122890724868
543,839.3267012270549,0.15886052905885503
544,252.9237386059482,0.6299209448823049
545,283.8600254983048,0.4307379004171665
546,1653.8250146972978,0.1505978875969615
547,924.8448099815863,0.11330246155406304
548,215.46413016067964,0.4585299940422914
549,103.70110907774493,0.44159043066379516
550,14.940290267425375,0.8044357084096831
551,219.88187508881396,0.6334628190866659
552,176.27547776258137,0.29174290581996437
553,219.59143538580508,0.6777732403785007
554,178.82283333046098,0.38905371858741367
555,164.4992278554224,0.4551283042634288
556,1563.9970239811428,0.4439658893584313
557,1043.7367414253679,0.030396540925930988
558,937.453946084783,0.09625020322605697
559,12.317346548089809,0.7987819927283101
560,217.0044705731952,0.48355703682189505
561,17.969448214882984,0.8743141641983739
562,1000.475068857133,0.14157879074904514
563,919.0289188193427,0.22412089292740175
564,944.244852976184,0.17864676397581922
565,1804.2445301668517,0.5723278347959981
566,246.44625303209233,0.45830271615435775
567,1733.6270276356042,0.30815625891957005
568,2035.3958727096974,0.38213289227099123
569,215.45234175120174,0.5251557295355761
570,1469.5711736222365,0.30335796339709314
571,266.7785227768378,0.37532070320224975
572,18.533300676806313,0.974567328681779
573,2044.3609369953404,0.11806538448246526
574,215.6288287667782,0.6631958358622266
575,287.3245315797311,0.5067863298710383
576,135.65097178596193,0.47982483972187684
577,902.4874721555396,0.23507420490849143
578,198.57096241944635,0.38526584371123535
579,290.270842320989,0.5957005829371927
580,1631.0558058464185,0.33056639319527453
581,179.76807399795268,0.33787421571385
582,244.1493102730895,0.5244254990318028
583,205.74225451388764,0.3562133528290472
584,2007.2769935861088,0.30614157661809077
585,158.49647524353816,0.5830701852513335
586,933.8061853436739,0.6632436318237905
587,924.8882165357559,0.27819542521843876
588,791.443795413405,0.4025813213498025
589,1024.0125664105244,0.5993731216812608
590,966.1115958856178,0.3833041857918604
591,929.8580099923026,0.41621714350597094
592,167.22969801976961,0.3745924865156034
593,764.0336959450201,0.22100948926709416
594,1465.7625334206734,0.894237016504644
595,201.5810986955124,0.5968162421319946
596,209.38547240639625,0.7817274996269076
597,264.76035363348217,0.7058190106792943
598,900.1401964325826,0.09849053399043223
599,1022.71679888921,0.46582917060353835
600,1009.4698529980813,0.1522138016227855
601,1049.0710846624086,0.18025936663920775
602,1404.5773641091089,0.5894116284362424
603,1134.7866995702102,0.35364485866580375
604,806.0406392169783,0.22509217473233753
605,831.1058881946651,0.29461063522241154
606,228.59781609862497,0.37393936757333596
607,1032.014359412306,0.24748991461113534
608,1455.2299562379922,0.5478650208826489
609,270.430974672296,0.5726383176479267
610,261.66959662046906,0.5322644262589626
611,906.9572301199285,0.6667702625690647
612,15.267904263576241,0.8915596678872078
613,223.50068306233308,0.5241336857743774
614,819.5693076473586,0.2564872634436306
615,220.25176929278564,0.4174900975967629
616,164.15628646437628,0.7937251905525856
617,1064.9487364010367,0.06031815424325286
618,2117.634785634191,0.5848691562592028
619,26.26173181149004,0.9001695970277837
620,32.303764643541896,0.879459339121961
621,969.0223221844893,0.19182559090096227
622,1191.83912202545,0.06720102659883749
623,1700.1504771010689,0.18397787766900456
624,158.98547030471534,0.6807675143600345
625,209.1085313856051,0.5315494844459852
626,1531.0621599500093,0.140439241185262
627,185.092373690005,0.27644518233143067
628,19.61245994426857,0.81597766696579
629,976.4481684951373,0.28572706870199954
630,1505.2482197313204,0.43985715203951964
631,25.61713643547881,0.6948882063594729
632,208.38084927646892,0.7810326766692849
633,197.4022614549611,0.5105158466938722
634,186.46866267298714,0.5323291799750046
635,968.7107100125091,0.2058674260480364
636,1668.1008583364764,0.30819113642826784
637,130.7740990287502,0.49967243900372305
638,946.7518650058115,0.23225537486238063
639,1858.6568858009705,0.30805419313550686
640,1912.5679992643209,0.27262156682188976
641,801.0715735559781,0.49142896481340703
642,1954.931327178015,0.7818863462917577
643,842.4896951883244,0.34883644543361003
644,1786.9723328542223,0.4531373231949949
645,843.4197288651242,0.29742194049908316
646,222.7251286042814,0.43505976569433535
647,185.0225294400404,0.6476582225249927
648,142.2552981917064,0.22575143547439377
649,19.28209205643933,0.9378448233490617
650,221.41637070847113,0.20471753632021011
651,1015.0965678779442,0.5148662394764604
652,206.53716729560654,0.4895475404005052
653,252.3356356887882,0.4497634679963933
654,21.154322050640438,0.8345928640877274
655,1445.2449735594962,0.05790825170503599
656,1006.6071557309981,0.2216297222729697
657,1833.1718053597347,0.42168825235921903
658,1824.993438158337,0.21961321280372673
659,283.8227480957331,0.4285958155613153
660,271.3504451349531,0.5476347883288551
661,1875.0719392288947,0.7109204894191056
662,122.9355669549021,0.5503730638359497
663,248.82532945315822,0.43014199741409537
664,1016.4052953305583,0.19929274481597473
665,970.548642756002,0.2843043633147548
666,1023.024975373295,0.2822665678784765
667,904.0779602010759,0.026985763968076386
668,877.7860783371136,0.4669295554265388
669,914.6141037179896,0.41044940735889535
670,2044.3416279039907,0.3069371857033028
671,824.8643817760714,0.17058243963351252
672,175.84133525375435,0.2732007794734346
673,885.8178596055659,0.27063528462385944
674,277.80522187635415,0.46902095235918667
675,1585.3619451865902,0.27337908855058746
676,272.9216351713389,0.4733679270244061
677,947.9078962616923,0.17091153076938734
678,1754.2869217747582,0.5880942445483918
679,222.3848133197506,0.42803485074903636
680,290.42949835607044,0.6368378430086761
681,18.917906441808142,0.8612952653270866
682,1844.7680345566473,0.20757721279549204
683,986.992561300439,0.26575279589169215
684,298.15789934961083,0.5126876651500093
685,248.3965974382495,0.716898003901654
686,236.1986372034684,0.7127356105753199
687,211.3465971900124,0.48772600425212354
688,1746.8266828625403,0.5243744906055228
689,18.82710485190406,0.7999422000845049
690,866.8074176066563,0.1636161279927611
691,1824.7509285048554,0.12424493148591248
692,2149.3574773203904,0.1355847013444585
693,110.89424590075856,0.6671739061669036
694,918.1518201129519,0.4515209478368624
695,853.922044175511,0.15649103097627542
696,268.8442943087925,0.7058982945986844
697,1643.1358059399488,0.3481976841715358
698,288.77072875773445,0.4430938012605901
699,1010.3781469552958,0.10569476371827931
700,141.365255517018,0.40562041784612024
701,212.19454708102253,0.536094503700378
702,1027.3181512810138,0.08353084735277866
703,1838.2901431914704,0.5163625710797114
704,1050.1402910230065,0.2544831847023372
705,919.4500536946347,0.38325346212605194
706,158.7970440655981,0.7020025988798988
707,1963.7189236686427,0.19912073069638012
708,21.08472163797873,0.9141797549595039
709,2158.9049696784423,0.26043951442664715
710,147.34179254149325,0.7449993370832194
711,19.58433237139253,0.7198952252090144
712,189.77501706150818,0.6761268553480124
713,184.3535516404993,0.3581118425489398
714,1973.4706757837755,0.6692590692189956
715,1824.039711749211,0.39264620028096237
716,213.09303296451367,0.7007484646908341
717,14.52080418498021,0.8757373776187494
718,237.31469299442267,0.4224454186931474
719,1128.1684786466851,0.22972995721194808
720,18.547482905115125,0.6933581211421527
721,222.96020907997647,0.4227382961436019
722,826.743943750932,0.5050050148504053
723,1106.6854707213786,0.20857301026944025
724,14.135911063667193,0.9908998632592828
725,150.9617578168731,0.49658686342651226
726,21.390627447680522,0.9616194262271563
727,882.6460352102757,0.39924813949648036
728,30.18436085897908,0.8824585127734764
729,958.9198196612572,0.1463594669626153
730,791.1630751749417,0.4050490199768858
731,937.2800616017557,0.2984658719240479
732,14.112570131967795,0.7858385931597962
733,148.18354015809186,0.6484402504604692
734,184.8280306431504,0.5535306251210746
735,1433.3659096602546,0.48062718001601074
736,234.62321706821638,0.5943021441930656
737,1769.9704335965123,0.45752091874928086
738,12.29260947542816,0.8176446502018263
739,2011.13884977663,0.5872871646370875
740,1668.3571402315795,0.6442299953543447
741,225.0545004654386,0.3070846413410604
742,2048.481861579241,0.6428381360458523
743,18.997144096721158,0.9579741884903512
744,232.65147766477648,0.4837910376821053
745,1241.4109215768362,0.28559280613544447
746,232.16750897848755,0.7111412194823653
747,1746.8343268706014,0.4041815545947443
748,206.55245819805867,0.6030995481470288
749,259.83135604136214,0.41477089970279335
750,181.97538306646643,0.5787408365846123
751,853.4954419423821,0.5510786365892353
752,207.0739670741902,0.5055282627356261
753,246.23609027567105,0.498322401526458
754,1636.5597860995972,0.7471577323424421
755,964.6414291842603,0.33114751746749155
756,16.7901681633376,0.7760404802702925
757,225.7830315041697,0.6426246593596617
758,201.0007775055462,0.35801249601088914
759,249.71893654960232,0.4451717515869248
760,15.95143346374137,0.7756553534050147
761,923.7766430617144,0.2792213419297712
762,1639.4269519532143,0.35639288310256817
763,934.3590721207197,0.15357448580454305
764,21.319871547180792,0.8426765494528876
765,1007.0940993942198,0.37300603948280137
766,203.03938416599917,0.5258507568249251
767,21.57011301243057,0.852567587918996
768,147.42343832076523,0.25791077105172006
769,1745.740687370472,0.7707883389235405
770,22.161734821038916,0.594643340398027
771,853.4785923249452,0.3113788768868935
772,17.32736205031276,0.8843195466209033
773,1031.0913772615697,0.1800639893507851
774,2123.098388778016,0.5863659764481385
775,22.99542092647411,0.7729177144701707
776,1065.1097345448823,0.42210551641130856
777,896.7393243326503,0.09525520581795448
778,13.703143625170185,0.8516476863910745
779,9.991469991372332,0.8451079758679831
780,134.4514582138555,0.6423706610282058
781,123.75075299279702,0.8339808413385957
782,228.4669586462649,0.5489284275932116
783,1824.498185074891,0.26399350694160006
784,2151.613872145765,0.6434360448538178
785,1003.8211605492257,0.17585005881022683
786,126.3462178467693,0.6042248363601016
787,248.03066162517428,0.7280629603094276
788,1656.3293922338714,0.41387120198558514
789,317.4554279012516,0.6341030645928957
790,167.41565406543987,0.3931488068917733
791,700.8838591848539,0.5008507913199678
792,227.0946410237953,0.2994263806114767
793,196.83483886093316,0.5434157579414537
794,229.02592727978524,0.34292253051398
795,1065.4997560541617,0.5827151640981231
796,205.69487859992398,0.5232708821844246
797,242.74519613182014,0.525805230239269
798,210.17551802074584,0.3309527643393408
799,197.98976327318104,0.3422084734114878
800,223.16122280000673,0.5411197070560619
801,12.416687268570392,0.8690467398184389
802,982.6158863915763,0.30684073743763796
803,224.337075107903,0.41036695340570145
804,247.20210740745424,0.4352647728935589
805,1714.0199789584226,0.7519186361350981
806,16.59130032942566,0.884328846299418
807,159.03292036327133,0.5551124827096013
808,282.1635663842967,0.5591887469860614
809,150.30395354123033,0.6990262953800153
810,1123.8991810326852,0.07099322422666508
811,187.88122709474442,0.5811841849044603
812,12.151634374857633,0.8439781643773275
813,879.4244437772802,0.2101764364850418
814,126.51908479968547,0.5196278524188642
815,201.12501941227197,0.7371478057676271
816,191.33892843241173,0.3817243206706235
817,208.27457820665703,0.5139878862617475
818,1426.4872127122487,0.341504029449196
819,972.8482177718191,0.24148983698096144
820,1406.0206413118804,0.6878954963397302
821,11.88512518998218,0.7534953697356866
822,930.2405431277641,0.024305582979496497
823,1813.8170385448543,0.5608797847403895
824,1592.1256788138041,0.4661689658985713
825,126.89447724022926,0.3250143475818094
826,258.74976811257903,0.48654759593413177
827,1769.5962188734604,0.5279509977618345
828,1759.5797439291564,0.505138290408302
829,28.146592587208062,0.9679245345345788
830,143.08770269700352,0.549667671017303
831,1230.1372989634979,0.06002237809666997
832,263.62703162927505,0.2963009971876074
833,912.9977534162756,0.1552136263796822
834,1006.1444460859952,0.1757045955238702
835,217.94240363394593,0.32379942144297763
836,1767.4711420445713,0.41335802865107907
837,194.54034527497237,0.5117618055100888
838,1866.5631868652126,0.4042849964446054
839,186.8712170342189,0.595660447393382
840,244.61049364049927,0.3989983529409385
841,921.4458374692776,0.295656680353419
842,245.81345994649354,0.7561568635593181
843,797.1408703740714,0.061636914360325874
844,165.74907785324677,0.754281665894149
845,972.6292267243437,0.24432890484224035
846,2024.3654983974961,0.4423173305559045
847,783.4615361759,0.38392603426958705
848,151.48502519529922,0.4343638082387672
849,212.26179239471182,0.25439670440451995
850,119.291183251758,0.8004093343091264
851,857.9847768542314,0.2149365493564572
852,20.953653633035575,0.9110322743641479
853,959.5350274332778,0.1274007431820322
854,165.51062276354475,0.3857508919536941
855,1037.1724424184135,0.20301311276287526
856,1061.8498180421684,0.24292879022643044
857,741.5668378657199,0.4278470337452782
858,184.85358670971868,0.5431968245211223
859,172.27033797837242,0.1526492343237353
860,1010.8479681306487,0.2502712565727169
861,23.744680569029633,0.6327931833708152
862,154.60655957612954,0.47998481372253915
863,164.57559492354545,0.49920056996478285
864,1776.5162952428082,0.7709092154818241
865,1867.3424590841223,0.6098581012510524
866,182.2572713462892,0.42082393531188195
867,804.510783471069,0.16578501215006505
868,902.2210595936422,0.5580174538057864
869,191.99806632103278,0.19895793389518268
870,262.7372418668827,0.6640811079849217
871,2120.1815983777833,0.2455657392231599
872,2202.0301700178265,0.42793749895682165
873,267.4346599322756,0.26359269450166856
874,2212.1377867455835,0.7598468475477331
875,786.8932374805021,0.540480903252638
876,934.5635927226117,0.4507348116596082
877,17.51473756582159,0.5047768448019392
878,219.41003067759783,0.47592453488960884
879,1072.2807922133409,0.45893063201008427
880,945.2956551701519,0.5594282678636814
881,1000.8012291054599,0.1774215260899223
882,249.98155217967417,0.7064666135696177
883,943.5796205047286,0.12911407064361446
884,931.2691638391959,0.14040685564788458
885,21.42283395237263,0.9040437029265901
886,898.2194734669883,0.5005026350716838
887,143.7899951526511,0.479467599901881
888,914.2033111246602,0.3568770999389519
889,929.283831090596,0.147202679686358
890,1066.2191052652583,0.4241706401684572
891,18.067525548386048,0.854150088952573
892,177.20586323139904,0.5528882340880248
893,18.3583952865472,0.7702689845968715
894,1858.2103802052727,0.16801317714583408
895,230.48688616683526,0.41287498620468027
896,852.8282820723073,0.16988250292383936
897,1848.5205626109882,0.18764429428939913
898,224.0721731155914,0.5282694303517059
899,997.3336675554967,0.49263470769440537
900,856.6058092581991,0.18414811319477578
901,896.6456374176918,0.2067218209727695
902,943.3633678228947,0.25817182001218075
903,984.3597535178217,0.44725386883611323
904,81.0092858784819,0.26268365640829994
905,1527.6649939072738,0.26856905707729045
906,109.84566191274388,0.6395200517680242
907,18.95541021314564,0.9937204277107118
908,1849.6517083523368,0.3472314257883626
909,1720.3345974236745,0.313091834913817
910,1589.936573135572,0.1788955516416874
911,260.50830476826593,0.7386611832663832
912,2006.599215819278,0.28183166405477644
913,192.43012540292955,0.759573209580608
914,2219.1380659920733,0.3185225343485009
915,191.48881040144104,0.5341101420990416
916,1818.3091288089456,0.6593000475821814
917,1849.6610951471969,0.4391781716588082
918,202.90319150122176,0.6731182684042984
919,22.68589907270868,0.929852090610276
920,1026.7146901435742,0.36861160504191676
921,238.93871539888912,0.6581428061380147
922,112.41220416050585,0.7471843953432683
923,221.64252012599871,0.30598277616993486
924,17.556723016941334,0.7811711228003676
925,1774.1405085928984,0.6319683857094573
926,972.5410142629993,0.05491657251480837
927,1952.6284601419313,0.7439671841208861
928,204.97787987999834,0.5132902878373706
929,116.6167366904569,0.6308892763149454
930,1764.0487733847185,0.4141613772505821
931,966.392406359343,0.11151224857747001
932,18.194897411988567,0.7157131548541982
933,190.67133734723177,0.7232667560224492
934,237.22648041507014,0.5433426210334036
935,1032.6453110858763,0.14062383353544286
936,1732.2063898353329,0.3095980134508319
937,1077.103009943114,0.1834036321982735
938,123.68605030825049,0.6272814471133485
939,884.4672476799205,0.35549103480105837
940,188.6336206342832,0.2228347124198275
941,1907.9901801510205,0.40037920843171343
942,260.5408629595999,0.07705460943113657
943,196.91119688647197,0.4927982653528704
944,12.776704141583542,0.8676440838636891
945,853.4173229104035,0.45713094217924377
946,976.4541376102067,0.38032231976994824
947,953.2863373980214,0.34569565651188366
948,107.75598135809473,0.5122271768734478
949,232.86605475597696,0.6440832662293219
950,250.74471710315044,0.31767784459402354
951,218.12715455464806,0.8104734751513569
952,217.12067903841617,0.4565895253151572
953,833.4558473778943,0.34497067560125616
954,143.11776978653614,0.3789156289442601
955,1785.2030436927462,0.1948740642783351
956,1740.629021253606,0.3808094137234554
957,266.2502327472819,0.2740627359337263
958,640.185284547922,0.06673309747581137
959,1039.4458843105128,0.2666356359427561
960,16.666076180191304,0.7254084311227529
961,913.8283012182735,0.5432115927926214
962,186.0103917150508,0.5748291867780995
963,1050.3365892729146,0.3876889884405155
964,1953.2355195242437,0.43330388018012245
965,1730.779145643997,0.7349439197842192
966,1336.3599818502303,0.743652316480877
967,26.82780185216089,0.722512114206181
968,1984.8022114514345,0.5693920790718398
969,225.3293835848638,0.6479555068909485
970,247.8758888821663,0.39903918895891627
971,61.63372886988009,0.3653048703282215
972,152.77116400395457,0.582531866016718
973,20.907305317403193,0.8904499973752282
974,1103.350084098031,0.13013521873233275
975,942.0623859979688,0.19018838788975626
976,1773.701637602155,0.18831210267723306
977,194.82060526764676,0.7439218868573885
978,836.4937654482712,0.19096549297100762
979,131.6336769357522,0.5815717682256423
980,170.42420651647163,0.7587432487566985
981,1956.6931296649468,0.4500957154291891
982,15.959491772371457,0.593235152419751
983,916.3455078790889,0.23224285245722792
984,1114.2666517856348,0.08501069147501904
985,24.62952088363859,0.8458183026923728
986,189.22011243300798,0.6903614423527402
987,176.5135101755201,0.5363415303628384
988,1407.4939010958158,0.3794499973173794
989,837.0332540689463,0.1577162598398351
990,16.404832020187534,0.6896810789189017
991,22.029251333464494,0.8374649497786316
992,220.71810420893942,0.518600291836966
993,2120.740371093386,0.4303735247411269
994,116.53547350277657,0.5387409140905527
995,1868.4198963114764,0.12885176073939825
996,957.2138053851667,0.6016834110415175
997,174.22653634580703,0.36749056073782255
998,1072.6659834310528,0.2176044328856477
999,212.60169899674386,0.7178854923893729
1000,1868.602392042692,0.42737280488082036
1001,1012.8102969833704,0.30537252553253025
1002,202.8257777241845,0.45929246783936145
1003,232.45738605352102,0.7607772523848103
1004,14.451395858533829,0.9207138218453299
1005,11.59311554142368,0.820623940388575
1006,136.12910259338076,0.49868998723954044
1007,242.54913392533825,0.6664645764339678
1008,23.910665071019714,0.8767895901458651
1009,1002.5169313262169,0.21942128221093565
1010,175.52316640047172,0.5657080688555503
1011,841.9732940219308,0.1142624420165952
1012,268.77759566816036,0.5098369031211134
1013,98.67111117002823,0.4351387150845016
1014,1009.134758190864,0.25528399715721933
1015,18.289913270976125,0.9389677432892637
1016,271.1645974211917,0.49253126396748986
1017,984.7673542245,0.2428790563827086
1018,266.3539875696702,0.5844178121057183
1019,130.73197407777528,0.7054858067442197
1020,829.2333647098066,0.2510490104047071
1021,322.062792263267,0.720817587601295
1022,2010.4901263228087,0.4505720007531367
1023,364.388059369437,0.48952947982377826
1024,164.0788380157578,0.37345573078759636
1025,176.77991092950447,0.6392950006773394
1026,234.8283171728771,0.492420282914418
1027,181.26885903369725,0.447995205460044
1028,17.086977397169314,0.6169074946240439
1029,1637.237271614214,0.5561643717354912
1030,34.16946115968721,0.8713868824016928
1031,1005.3627409358232,0.30328137736325356
1032,314.8169657964679,0.654185014315938
1033,1050.8415969942992,0.1812081235757232
1034,894.1157302928742,0.1648152139935037
1035,1081.6344837519518,0.0037296641718782705
1036,136.10250573394012,0.4885746279365005
1037,1556.3647866385363,0.30076895097915923
1038,16.225290669101238,0.8698959803463484
1039,885.8584209976566,0.31709271472064987
1040,1882.6963231759123,0.6708292767516655
1041,262.6529105121957,0.6195835202692532
1042,23.422873625179236,0.7870788051645805
1043,1823.6660437796404,0.1193122250609438
1044,236.06340401282637,0.6130453130485178
1045,228.49381879897615,0.4101266153073062
1046,253.9297558055937,0.39284688966563264
1047,1071.6006538911477,0.1076484058837937
1048,907.1988067945798,0.2513756771468664
1049,184.6211305218128,0.37840523875385373
1050,921.250901987547,0.1983356322685363
1051,170.48926938997553,0.4485466483264325
1052,104.56561436145883,0.5701543412365092
1053,135.92545135655877,0.3816301384252289
1054,25.555962057271387,0.9244644773077295
1055,182.52875246821463,0.46293241015485104
1056,1878.2620641638887,0.533306704719866
1057,16.306306373475362,0.5805160204568802
1058,2099.7182193671406,0.4084059085192325
1059,208.98476905531035,0.596376639643952
1060,195.84473457916974,0.5601581253937868
1061,235.88693533294895,0.5416822334603999
1062,127.20425402670972,0.6731051654836316
1063,28.392869821743787,0.7200436587474347
1064,1585.0644804033786,0.634820910960947
1065,1681.7568761515251,0.13056678680742487
1066,21.63936803155229,0.7263330713452019
1067,1160.5086639334502,0.03027160222010396
1068,876.881575908596,0.03511644294667092
1069,1815.5874593116419,0.24983486750541073
1070,2146.6906933209602,0.19546706346875456
1071,1706.1738567745076,0.320935997905018
1072,1084.2709438944094,0.5309053328455252
1073,1104.981860632834,0.3185944195150579
1074,951.2691764112709,0.32220193897979266
1075,214.65044036293276,0.35477375784596044
1076,1820.6146083848175,0.4076967718870806
1077,1599.3396338049006,0.28577303026203754
1078,185.55760806340155,0.5672846389109942
1079,1003.2022432272786,0.11406239290209737
1080,226.71882814200237,0.33389791357585336
1081,19.45691672530829,0.7332074136950436
1082,859.5048511086857,0.7636324038762873
1083,1859.9589748326327,0.354833454778363
1084,276.4209923286545,0.306915701869528
1085,220.6877101473694,0.42005801421576144
1086,353.3751055793325,0.41316280104212455
1087,200.36753374598496,0.43031859679666656
1088,929.0281923177168,0.3056811827464516
1089,128.44429286143725,0.6020988180815934
1090,911.6618097738731,0.3111529982655576
1091,143.18124166480715,0.4253664419734841
1092,113.82977896430702,0.19043239895206324
1093,266.14630801677663,0.5479413169063123
1094,112.9794262971974,0.49600366692344977
1095,957.2249134236203,0.14344775254451472
1096,851.875405139933,0.2516715005447896
1097,921.5812117845221,0.4197998358768097
1098,1064.546698655934,0.22626269950679995
1099,23.614984673121615,0.8630816451911651
1100,1734.539193745124,0.6382154045307225
1101,894.9466031799299,0.1639950008583711
1102,342.2938725144502,0.45876698551624306
1103,293.7612694241694,0.6492555921609139
1104,246.24573346092717,0.5209117035463223
1105,251.64871174570155,0.21902143876009103
1106,819.5711337697255,0.40206987709301645
1107,1752.5375531609563,0.4052968172181406
1108,24.432544010377626,0.9239241347316218
1109,216.8451631988308,0.5586362125482128
1110,1048.7489716968728,0.42531188049618823
1111,19.026051893583823,0.9100852060531951
1112,982.9250062159334,0.2083287295570986
1113,937.9356965870165,0.12114937735616528
1114,149.0918607270454,0.4198193235101467
1115,183.43803455608025,0.6741137307329886
1116,166.2756412809614,0.30945433002016226
1117,1004.3256964974273,0.05213032127173282
1118,177.19628636441848,0.6889908412048098
1119,1773.0019544045877,0.2675472077950717
1120,893.6702332454117,0.40728410149822564
1121,206.69709414760067,0.42440166087937514
1122,172.8825013194843,0.5287791466059008
1123,180.0371677027019,0.7036594139806395
1124,15.372723759504712,0.6469243580121078
1125,239.5336159345364,0.6154410808942624
1126,201.00619514978536,0.2623177613216499
1127,804.9087071405987,0.3664403659473092
1128,1418.9167063968248,0.26774983432086624
1129,1879.3255878442915,0.5266526667617336
1130,1605.9166840874946,0.6908792144547434
1131,20.23230636577095,0.9027366478214846
1132,160.35262485069518,0.6495843312374645
1133,804.9983643832468,0.26864209504436004
1134,1065.854345126778,0.1845713381439939
1135,129.45988574545203,0.1219091986477722
1136,1080.4255199825961,0.194122845193723
1137,244.46317123794879,0.5891806774407824
1138,188.72784362915,0.5069607702193931
1139,152.6508617191326,0.555431365636958
1140,90.46985417994313,0.44765748472820954
1141,19.791699883093326,0.3463996598427942
1142,1902.8559065336965,0.4265074635005731
1143,242.33855545041223,0.3160125218507995
1144,224.8865054779496,0.33793469354643163
1145,1898.2548041452565,0.7476491701978918
1146,132.51749850170785,0.4283233172120018
1147,16.433445498598942,0.6762399613575043
1148,283.95123992519143,0.16304916209144246
1149,216.44457683635204,0.4631057352681133
1150,210.46731679477145,0.6859622567773273
1151,27.974601040430073,0.7310949596815979
1152,20.87577220333237,0.7306938151270477
1153,183.14868126593117,0.6728491989810894
1154,187.91610177433645,0.6646392673515874
1155,222.74379003319217,0.41737458098854896
1156,21.197738604346156,0.9449980292583372
1157,944.2133840785659,0.10343634081904411
1158,182.08060159113398,0.5561220267834158
1159,134.4677107847814,0.7243101222698906
1160,1002.2181595913607,0.6853466476800683
1161,15.406917707384837,0.8165721497411105
1162,1099.616452676688,0.4089047735646823
1163,1734.5348849855209,0.4671864573831763
1164,14.024457198698972,0.7522948405892741
1165,942.0603618614506,0.13518733822730322
1166,10.419178093670272,0.47520675889494435
1167,21.566208468468083,0.8540524675840885
1168,242.16533372164776,0.5352624500897963
1169,839.1235104595005,0.39935625208948533
1170,1674.8968686635983,0.8025535498079551
1171,186.85797502688033,0.3048366409686013
1172,300.43345041195835,0.6678618839206655
1173,235.25743294690884,0.4730904974971231
1174,1810.2407821147929,0.5320324292956621
1175,172.86005141415174,0.6686583522729177
1176,129.8897454831594,0.44351215490134815
1177,29.611122801347264,0.6416461608806938
1178,1027.9772810403126,0.2427854950034543
1179,22.532671956929587,0.6969743572604655
1180,210.04198693470525,0.6243592736226896
1181,224.07538154956526,0.499849441230018
1182,1755.268785877416,0.5288749457576346
1183,199.6832929767372,0.4587766742537542
1184,148.82581068156532,0.5467146869227565
1185,994.5947777125303,0.4933380534904436
1186,215.52812418521387,0.6288304540812876
1187,196.37611402029825,0.7210969015536162
1188,961.9456673405787,0.3745693426118703
1189,1984.1019150131358,0.283961403252392
1190,18.760664703773674,0.6736802589702954
1191,820.2835703634278,0.03675159455717553
1192,242.93665675796672,0.7362052551835299
1193,1942.6051700865899,0.27050932896950425
1194,190.89924655085804,0.6317384990513827
1195,964.6214796377559,0.2316862286750964
1196,155.46998005739323,0.4234363947381154
1197,251.35351503220696,0.49487856530412877
1198,255.52562757562202,0.5823761239173747
1199,23.033975125298173,0.7415671171176458
1200,859.8845048661045,0.15419125637504497
1201,28.009963273067065,0.7284666655911285
1202,997.9197203276041,0.34138523316681896
1203,942.2778288401574,0.127205294219572
1204,2026.0324371718327,0.3936643808254274
1205,222.05179174253814,0.6335882859391503
1206,10.473071660535169,0.5951109624959429
1207,241.16784147385863,0.7815770111250411
1208,1765.6051588229154,0.31865459575801924
1209,1785.6828614212243,0.22752259356930443
1210,150.3955159950189,0.34688368487064886
1211,1894.3739895753351,0.6265427572128356
1212,169.411317301724,0.39198124736793255
1213,814.4458138835873,0.36583503538641254
1214,20.919732012507097,0.9193558451529815
1215,207.4380366667848,0.3155634036063736
1216,891.6888522913557,0.4352123869003223
1217,1008.371141982395,0.30638253239008467
1218,184.9289255377541,0.39053594382657447
1219,152.35694797068498,0.5266750353574509
1220,1973.2042129969204,0.700705783662239
1221,181.9456418306565,0.44824634741590164
1222,869.8166413080228,0.179542466959589
1223,1644.9241940654788,0.5061165957687433
1224,234.7916689977825,0.43051254227041547
1225,1936.682934712006,0.29939949309479763
1226,104.29066636295977,0.2981436196144783
1227,1920.783408296675,0.3678794187256135
1228,1789.839976313377,0.46856030716534136
1229,122.96210958423188,0.44899348012662543
1230,1889.3281003310772,0.1745631842181213
1231,186.34339281403737,0.38895286540152685
1232,932.0091369198475,0.20631329809514903
1233,1017.2970206031918,0.08187101390689405
1234,792.0747022567504,0.18197617669396132
1235,194.481762035407,0.34516992629502014
1236,1687.3971610174663,0.4869160880566684
1237,197.58401606328277,0.4102355340665303
1238,179.084029002927,0.31639745460921903
1239,238.37545409086488,0.5181203686721934
1240,980.8896293269297,0.34550625836917176
1241,179.7248316722956,0.26043601917552944
1242,17.83096706456091,0.636579874477791
1243,26.76725780738059,0.8552414919878913
1244,19.038053678307946,0.8334698521595613
1245,17.28651563048693,0.7335931552234971
1246,152.32878495887485,0.6400600462174948
1247,852.0584261784845,0.20412924790257375
1248,954.1562792633555,0.38404891479346803
1249,205.87588095790483,0.48317218368978854
1250,86.61377159324775,0.6871046225632346
1251,17.375702698377825,0.9121156633021521
1252,208.55507009663387,0.2260639042758253
1253,894.2718690385447,0.05219146436931404
1254,928.9788058103503,0.26291361694682047
1255,163.77338654828756,0.5089446494391059
1256,1952.234202614733,0.5589775741113279
1257,1065.8667023341302,0.4198796508283671
1258,186.9169456978771,0.4943018147621612
1259,949.2291348517756,0.21426671350870774
1260,196.46399755498936,0.5960425925086137
1261,1713.0358774267772,0.2858733621733665
1262,17.85425253166698,0.6790233428260503
1263,1577.5627397442884,0.4763101987012872
1264,229.51633122208392,0.657517988746969
1265,955.9962857695707,0.20586105894049556
1266,1018.4657541003047,0.017833532536063415
1267,1640.6774860744042,0.6481183379419571
1268,181.29336592544817,0.4505657282293236
1269,218.2590520151323,0.4229702274357712
1270,1632.1420926583041,0.10339783316668488
1271,283.79593938046884,0.5790624146416191
1272,124.05077082222927,0.1775197404839807
1273,21.098790419700716,0.7244363490259416
1274,1001.0766588593913,0.3405442142995585
1275,251.7958104716017,0.6044648818469305
1276,1055.255049459834,0.1586749359866332
1277,1069.7488540038175,0.2754487327081851
1278,187.6424171294104,0.7827064785147182
1279,1100.92400198275,0.16037000974467713
1280,223.53924871976218,0.4847195948143661
1281,179.9971283058737,0.5093610831129539
1282,19.670281958335217,0.9654628245070537
1283,194.332260294635,0.5037694249178121
1284,875.3368160963078,0.31303902676049594
1285,1895.7362361301873,0.2722874391210118
1286,241.43524938035046,0.20313259261351305
1287,909.4988928549302,0.3156399589459952
1288,1394.3453918842417,0.2631416519408416
1289,931.6011339897036,0.2806853385086728
1290,899.0210271040264,0.29661061632733465
1291,1746.5992476465938,0.3617936881884898
1292,911.8111356540671,0.41079644782523755
1293,131.99882118447027,0.4778251950275153
1294,226.88350591009484,0.46853663364748493
1295,20.24795913830793,0.7635141678560625
1296,782.4919199538235,0.2186193164335378
1297,1177.409356914324,0.5746207896207551
1298,763.8456471838352,0.31129656794192306
1299,207.30053048878634,0.38691951994045404
1300,11.683827603802552,0.7109306110617641
1301,775.9299393619665,0.31610584059805963
1302,256.1079425207553,0.4804705511216765
1303,968.3454226472232,0.20982107481721063
1304,216.15208118936897,0.56526629394777
1305,19.23095611059482,0.8168925662215669
1306,196.71355278237834,0.16209926757457746
1307,21.998899588084257,0.7303010457678119
1308,21.562961150767656,0.9218860322251388
1309,1995.067146977752,0.26045467637984393
1310,20.03788329889031,0.9504547257241118
1311,886.6360134089423,0.060201688534708434
1312,193.5673757497318,0.48161397337273876
1313,183.94602852703767,0.28283836478420044
1314,13.81722199925633,0.8307289563984851
1315,227.37699100845268,0.5606453559650153
1316,261.62045486233404,0.5421678233582955
1317,126.60409111805996,0.24472690655283585
1318,13.390864441261037,0.9155248424605377
1319,890.0697211376274,0.1515722626541387
1320,950.5836832034041,0.24169522782144331
1321,832.961640189566,0.6289722266610718
1322,912.2598814948731,0.09549705091038757
1323,211.15101514810814,0.4847102236553999
1324,858.8441444660821,0.40853455989516596
1325,214.5687228119292,0.5584815825753909
1326,1787.783294244049,0.7778765551637946
1327,1031.7534509845298,0.31816146496431197
1328,8.913426076696556,0.9292311343986766
1329,208.5207708796556,0.43798264549424376
1330,109.72158730073986,0.7540515411616652
1331,161.45004935906357,0.4931489536570002
1332,17.809635716093464,0.48029800892095714
1333,1000.8763331049305,0.1581734963996176
1334,338.58948047458193,0.2669124917495825
1335,164.66284091788236,0.6083516228902939
1336,141.36158399374534,0.723628947219218
1337,841.5032012519523,0.3383177298635495
1338,205.27196130906853,0.7377354860264329
1339,727.0323359270019,0.19716682990634543
1340,920.4618015310798,0.27480074650058794
1341,1944.1978306861838,0.4942856888906419
1342,265.1001546879345,0.2758890955469736
1343,151.2916285913889,0.27445867545445674
1344,12.016741698746157,0.9092569917597836
1345,23.943770219427236,0.7746795948648005
1346,1492.7836648868188,0.15262285950675042
1347,1629.2867430594788,0.6116973749795409
1348,1636.936552666428,0.47000178047550834
1349,156.07506045152476,0.5893460670206981
1350,877.8927402004283,0.1501660770373936
1351,127.01066640410006,0.6432671053174861
1352,101.29960988671792,0.35708246331683174
1353,1905.4877303719993,0.529174481833374
1354,10.548290988664732,0.6819065329436248
1355,182.86411115609278,0.4296765867226609
1356,261.3789752533562,0.31448143804882234
1357,187.31451324668006,0.7877478709293284
1358,1570.7091967794242,0.2952831306446306
1359,1833.2677731901313,0.7083549141881899
1360,300.9362456486118,0.43664832554891275
1361,286.8952380917625,0.2492691438167558
1362,797.7049550614777,0.2983755029630131
1363,211.9283063071038,0.5807772826067472
1364,146.59680762185803,0.47476004216321527
1365,22.0866465083022,0.8659791188952326
1366,1028.1474618861257,0.33595379227583294
1367,15.036704922742093,0.8461134420383755
1368,214.40452609936625,0.5252880688498728
1369,990.113826126423,0.5895262172004638
1370,1064.7068648520922,0.2527778915995179
1371,260.41373703260695,0.2657826958734216
1372,869.0627558656183,0.4699399961414884
1373,277.91920059403907,0.30944068836316785
1374,93.1550935318929,0.7604415092304855
1375,1031.8548716439998,0.22421654826398085
1376,184.3723845489023,0.37811376061737384
1377,1679.097227888041,0.31074189332818636
1378,187.39311736752944,0.6925409769054987
1379,1305.8673434241198,0.47049765692525597
1380,239.40427203840682,0.3949148943100518
1381,949.8485497051954,0.1555360239276425
1382,1788.1920336818628,0.3760072970851202
1383,254.4689918077304,0.2839708901533168
1384,1857.7611106664715,0.40272413859671896
1385,136.73939820009016,0.697315750365298
1386,1790.186894306531,0.3728296025540465
1387,15.477997488345652,0.5838803894816417
1388,1177.2527613804434,0.08458570129844793
1389,232.71778452981087,0.41292860040608664
1390,188.53474562337504,0.6641280178110686
1391,906.787895687058,0.6164081946177363
1392,743.429790216988,0.19630476226313812
1393,849.6534574200709,0.05615516810379482
1394,243.96732735135467,0.36971022635262807
1395,1949.4117655648247,0.22067057585686584
1396,24.260997565477595,0.6756260896120697
1397,1826.0258876196085,0.18005488001093703
1398,925.035033433921,0.22758505686474242
1399,252.8365215387839,0.6409411852147013
1400,24.722791412465938,0.9431040130443739
1401,789.5195689101937,0.20112088421866614
1402,970.2381227089309,0.3702539785568657
1403,1020.5513386060246,0.4094808440842442
1404,12.159696202738756,0.9017663476034166
1405,264.687657793298,0.29367067309149375
1406,227.240342063472,0.43761959081524193
1407,29.275592865176733,0.8063625913768384
1408,21.1921992219417,0.8586877272599007
1409,257.84019744567365,0.4918081407301486
1410,109.47916083211275,0.4644766299233978
1411,963.5282508552318,0.07963541358501608
1412,845.0050422069373,0.19485425193141293
1413,1720.2596435033622,0.37197359510103417
1414,1026.7475917814186,0.41805991913163665
1415,227.376326521781,0.47074598831791314
1416,229.51599228535912,0.5605316272107871
1417,965.709865064383,0.317119208904047
1418,775.1965462863994,0.36402409023579013
1419,170.5829971346157,0.46812792612356385
1420,260.2233604126824,0.6772257473648177
1421,1651.1513266088857,0.237394704279292
1422,238.01008163127656,0.7212339036180299
1423,874.4875601551481,0.2267501817478171
1424,896.3442716188805,0.37932232190178505
1425,175.58631376516558,0.755261653090301
1426,222.76041240508235,0.5210935942439769
1427,891.8556913657243,0.3191808234339129
1428,225.33436897595925,0.3341647148197166
1429,193.32371322737558,0.4901050493772876
1430,154.9367887210059,0.4608457564045227
1431,137.6829853189563,0.6047755673582078
1432,194.88671275080048,0.4803286287966701
1433,192.19030499514022,0.5539480948576077
1434,137.7638601540617,0.34779231639053776
1435,1005.9355409715436,0.36377773594987756
1436,1028.3619830540829,0.10252274120380604
1437,1673.910961841364,0.1734751398649383
1438,25.67343009963781,0.9363482886652411
1439,852.2245598957952,0.7824396816273986
1440,219.2087940668832,0.330485411194845
1441,220.91075391330986,0.541425101760431
1442,931.8525797643931,0.4090220321942161
1443,216.48167664038957,0.41877233931311114
1444,1854.75838505724,0.4763815149801121
1445,147.13742689899482,0.640762266951516
1446,968.9647397011988,0.024831381047034234
1447,178.37994063610194,0.2919884562690093
1448,17.772645566165636,0.737331264351442
1449,207.02334878674284,0.6553047960967469
1450,200.71602011024294,0.3607408406450796
1451,197.3474004037447,0.5422405202269222
1452,281.73044244146325,0.6437550925647288
1453,222.62482280513413,0.6030574229123506
1454,172.09620338570525,0.41223259844712085
1455,970.103350371657,0.13864298492072416
1456,232.94245705636217,0.5065226980387102
1457,201.79216474290246,0.5096168088366142
1458,202.08995423647485,0.5347603288001821
1459,941.9917001750907,0.23493651184654815
1460,241.47746101125773,0.5163349572329523
1461,1907.5967344301882,0.1275473451352274
1462,161.9097875632435,0.7002607822287904
1463,983.8473105312112,0.09275930541594744
1464,143.9662216227002,0.39337143483494025
1465,181.36121027676234,0.716365403469902
1466,958.3587365384477,0.29298219891055577
1467,243.5030108453742,0.45656614529012096
1468,2039.7994963310987,0.679520064444046
1469,181.64887906841867,0.510414415151739
1470,24.889676041435486,0.9112035920604482
1471,251.91930185798162,0.4441616718954341
1472,20.056431115801594,0.8780620268865335
1473,238.05961863507542,0.2776585134432085
1474,1684.322575655312,0.7586911391789637
1475,1668.1880618970918,0.40585348749458683
1476,141.65853575394456,0.47430500356861144
1477,15.244459766287676,0.6710659770582218
1478,15.965108666800319,0.6322700827752801
1479,16.963384772645426,0.8176123107716875
1480,1698.8308661494088,0.11296763762786431
1481,20.83501460847869,0.8357309963897364
1482,842.0975540732102,0.13713825058266915
1483,245.43817390621794,0.7150789460012936
1484,1014.7804971950824,0.3607567086924588
1485,2297.0627849067373,0.36893062583326847
1486,1906.0584718131888,0.6486545309432634
1487,2087.6391170417496,0.3728028284461084
1488,239.4913035208843,0.28959076753503554
1489,1888.460431227068,0.17717083811310969
1490,1253.9764370458868,0.0887770007725757
1491,1117.7965836968697,0.33716357698702903
1492,1540.3983027816685,0.6544356639085132
1493,818.1907964204495,0.6406497993197584
1494,1135.160907703945,0.36965183127230933
1495,208.48425454288756,0.5713277083819946
1496,277.7807480731363,0.6117977675964272
1497,287.8188993813996,0.3559332697086602
1498,304.03462552151484,0.7278805508892446
1499,1729.2418537715373,0.4056449216072228
1500,268.6184915468151,0.3280640124968343
1501,245.37661503963483,0.6555921160573255
1502,118.74505156410686,0.7312406769103468
1503,1021.591041612881,0.4589235128600929
1504,1657.3590394043931,0.370796860528877
1505,1505.3586740249466,0.40517498493019877
1506,1685.1195058790008,0.18934390757538627
1507,239.98322576737874,0.37277947240829196
1508,198.86096847774576,0.5127930239078496
1509,260.46845891673814,0.27770901256017483
1510,19.348568753580416,0.8076066437759951
1511,21.3597029547027,0.9196847482885543
1512,22.1128358233712,0.7852213497167981
1513,234.91995606647006,0.7268669531942239
1514,947.3585000912955,0.26513432097167633
1515,712.2430170072897,0.303712115484208
1516,970.6276405844901,0.2376474426297261
1517,178.9507065993412,0.8208041037468333
1518,175.23483786982922,0.5896617044623945
1519,914.0094462816752,0.47328940078548365
1520,207.1096567570655,0.3765834494107483
1521,936.2788296955799,0.4756011883598482
1522,183.59124365794236,0.40379982089203564
1523,1736.3714734677146,0.2803882635907883
1524,890.1936676351172,0.026221222880713536
1525,240.9156868159981,0.4340528510577017
1526,1583.7184304077448,0.25284976068053694
1527,2096.651776971318,0.023069325581217034
1528,1875.4728732270494,0.23568679441368523
1529,24.779690300891552,0.6890143219473335
1530,164.01205776365578,0.43125699520615896
1531,1834.002043796042,0.5174478297149875
1532,121.03140462312324,0.643192097387942
1533,13.408618539850291,0.8943548459789451
1534,1860.1094896801997,0.09779502309091737
1535,1803.6236955251743,0.46626906798612805
1536,724.8864775989905,0.2988341512079681
1537,882.3660284236455,0.2666887787729968
1538,205.7191737567967,0.6440759814503247
1539,961.1268519167489,0.398893580320277
1540,201.34558620706807,0.3693437268821084
1541,18.963216156529977,0.6003368970214704
1542,860.8080733845327,0.3590137923665338
1543,298.62623865234525,0.25820805853973317
1544,1888.823285233683,0.3509777306054347
1545,195.94646294959875,0.30726356225777185
1546,180.48977470198724,0.5060904930457304
1547,16.00128555944734,0.7961095840817678
1548,270.6992578498901,0.24999169807829097
1549,754.909953321062,0.33331246670110204
1550,307.6243066398659,0.35000149554574567
1551,216.18162362564888,0.12845844060083128
1552,182.93006734331956,0.3610749804256129
1553,19.764707296128066,0.5997361206433978
1554,154.9260105570784,0.7449207944188615
1555,871.5433007397477,0.17170834936275314
1556,948.0763238935941,0.5017289886887238
1557,217.45061343140395,0.37355412918778025
1558,2003.0093886916952,0.36206892861066364
1559,29.147812981606194,0.9024184401552077
1560,237.04523165255634,0.5589953969662845
1561,1816.228766369924,0.3919566867974647
1562,1002.4517434594176,0.21123116217341167
1563,16.784247949386724,0.7171123713788415
1564,1746.3984514989286,0.24763036973353403
1565,19.647698297670022,0.8094884029473403
1566,1534.0634785214743,0.1816956973279713
1567,129.70701570672674,0.45259870750298603
1568,963.3633193188734,0.04495832763824335
1569,175.15184335397493,0.7268459245017774
1570,101.25524844653002,0.4703762783526066
1571,196.8125039160411,0.34827644478409453
1572,890.5879811455098,0.29030171455422094
1573,25.139419457167048,0.7900393907137672
1574,153.77200858979162,0.41246110383577167
1575,1000.1852049359891,0.09331576394782079
1576,898.2466511086806,0.3845494121992826
1577,1003.5856942488638,0.33212182801069917
1578,185.8695366254387,0.5555973130571983
1579,197.6919028015014,0.46647431561615366
1580,226.46050219555173,0.31711608828505655
1581,877.4081914006222,0.2967840955065264
1582,1511.9757741841174,0.5302180460589869
1583,154.16806533182265,0.7481584999266098
1584,251.25316480255592,0.6080120890278533
1585,233.44822408590912,0.3998404859868459
1586,902.6543740345303,0.1564669398257783
1587,171.9169721537287,0.27157023219719567
1588,2080.580956792438,0.37850637877216076
1589,1846.1083173701459,0.6421342409911176
1590,22.41025364150155,0.9162248350885756
1591,313.8844463015465,0.49194403390504404
1592,233.8937093187668,0.6040417448682477
1593,903.0042126826849,0.5281431736478848
1594,1046.7812210804536,0.1890006478492458
1595,15.64918421110049,0.8021802061046244
1596,145.94303336633556,0.5273436896049383
1597,1404.136041029461,0.2072653277873373
1598,848.2267059910539,0.6505544052261542
1599,984.6960296884481,0.4119085550816135
1600,191.81770805924856,0.704696451132474
1601,1189.3012294766786,0.29133153168313625
1602,1689.3442854263858,0.18621075927838282
1603,915.1572049708406,0.22168762827415048
1604,1687.623069747503,0.36634880714291157
1605,918.7422574605309,0.5669726207636625
1606,231.21345771704125,0.7607442822528382
1607,1095.888538863247,0.026460227472336097
1608,11.240182326472091,0.8775970539570356
1609,1109.2225073648774,0.4282166495349522
1610,198.70809276419334,0.3352551285786367
1611,209.35344689883,0.5867221775161248
1612,171.78192232194203,0.6928062944236906
1613,209.0738940939528,0.6346895184016484
1614,1891.8485612758623,0.32792188034171393
1615,2141.952650332915,0.39447945003865087
1616,285.88238433404035,0.45147379179212244
1617,246.0968300642678,0.43955152493528327
1618,232.53698520465792,0.4809939523052291
1619,189.90269656234906,0.6781016039308526
1620,16.023081603146473,0.7452139553944992
1621,203.29242487829592,0.5833047682340703
1622,957.4151895931111,0.17835344369473052
1623,186.8512542992148,0.32648978572495424
1624,237.75513653966982,0.2589142482844047
1625,917.7451289773378,0.19506416867346066
1626,244.5720023367082,0.5120203206239452
1627,912.0092033459423,0.13997167867029225
1628,107.89586211956053,0.18698059736713762
1629,1001.141525502188,0.3130180957214831
1630,216.84056361937326,0.5966395100745981
1631,18.019580169603657,0.9202893609910469
1632,1365.967812287969,0.3801579555956287
1633,186.06025101142234,0.35144934799557115
1634,17.33919243259275,0.8070021118449331
1635,162.16098164895664,0.5399514971400483
1636,873.6512375286375,0.0847122548317297
1637,1802.5308928297309,0.16604911108457215
1638,972.8940243896277,0.274572238180138
1639,269.3922985172987,0.6733829822218788
1640,198.03300220363195,0.6617168389275546
1641,69.14434412843946,0.5197227790813816
1642,18.51775242700971,0.9315854085124227
1643,254.2835954591819,0.7308214356437023
1644,262.17728005489033,0.7298514892572651
1645,925.4180873288942,0.5810713967266852
1646,23.385011986568678,0.8174306710647445
1647,1011.2884071763184,0.3154674569904655
1648,25.141691884789406,0.8561099771601216
1649,12.80786640612298,0.8899797266915629
1650,16.631837117847425,0.5549025976468142
1651,837.7849438513585,0.5208236507445543
1652,1953.086145847019,0.5450116818569845
1653,1970.622052889948,0.7740048308068485
1654,1660.9245069032474,0.5354901486719086
1655,887.3499783956673,0.6240871929837439
1656,153.2537959280578,0.6175899275564242
1657,212.30588531882918,0.6814289712246594
1658,1666.8298154632691,0.44528995525473986
1659,2027.656288977916,0.1819479927476497
1660,1968.1837273060871,0.11444047425729978
1661,136.33722740965703,0.3584699639199502
1662,209.8495578058396,0.49285632883295893
1663,159.58680874665376,0.6231050318696892
1664,203.85140104229362,0.5545430019282181
1665,306.6073230071851,0.33431127654185744
1666,234.37738573106122,0.6565772976067025
1667,855.524714799111,0.22361704480624844
1668,169.91654114462793,0.5276297890081826
1669,964.999508990774,0.04710188276430047
1670,17.609829936841255,0.7791361554843511
1671,1671.9539009063972,0.4071134970832337
1672,202.852084233948,0.8657650075316162
1673,191.03986728404297,0.36977115522061915
1674,17.61510305338631,0.8696926496035032
1675,23.783212325534688,0.9693114002265542
1676,2015.9047032100339,0.6536774678114257
1677,754.8257390989551,0.3113361555332514
1678,2073.487808632612,0.2762782242890681
1679,951.7068825199726,0.20145142247844192
1680,150.14544378673273,0.634557508981253
1681,1743.5375916150142,0.4044725376801533
1682,245.18663921492055,0.6085594970068428
1683,259.3525575333191,0.4207321019926897
1684,8.715173077616518,0.8813513431588008
1685,951.6036663013479,0.13026959305243363
1686,149.83279681269565,0.6753185883392956
1687,136.80642196331416,0.5252432885591078
1688,177.86142216569016,0.5475996164266025
1689,199.42051078405893,0.47801208216932983
1690,20.38987230909366,0.6546045840999125
1691,1036.0910104541463,0.6967270532775715
1692,238.75722753057153,0.4542846413114882
1693,1477.2197089042015,0.22562214226812713
1694,1030.8540758322192,0.17277385196688888
1695,1417.6715578161914,0.2558892645728473
1696,894.2870111401592,0.17648660011215947
1697,617.049620249187,0.2306042966151114
1698,978.9500722467129,0.6316952042241507
1699,166.98093147322305,0.35342573284089684
1700,282.96646965572836,0.5534723148930084
1701,294.39294939793194,0.36264175514698277
1702,2005.838118040716,0.14453711074141937
1703,1825.0817358951688,0.5878532985876684
1704,286.0551619569349,0.197345785792801
1705,2246.4692066371476,0.8597996845693245
1706,1094.1954153562435,0.19659025843151207
1707,140.41404331913284,0.7083286781439266
1708,930.6757557541036,0.16273341866382637
1709,211.2585466113468,0.6623045577257685
1710,137.89017026890505,0.3957651521500117
1711,857.8282163518085,0.21809895956148367
1712,909.5170358921669,0.9082687957283861
1713,30.560446636264544,0.8165414892682589
1714,158.1143062563971,0.4456000654739283
1715,1030.2332777884467,0.1046891895551661
1716,162.27811950981194,0.6020343273172083
1717,1139.0840420039165,0.18655515526736488
1718,225.94575214228226,0.47074093694977087
1719,261.0238195540537,0.4953462399481246
1720,1016.6024855544938,0.5223833270496854
1721,1046.6092855356321,0.12890242551846973
1722,1056.7957744258292,0.3224000271848049
1723,1952.5916513427942,0.6733794768836736
1724,937.1199171210745,0.12290453367890031
1725,169.0200009948155,0.4004884097879639
1726,991.5147732929836,0.22451792137044832
1727,249.51497735497622,0.6176998178489891
1728,213.30575124310727,0.8160803956880253
1729,18.802378415444657,0.7136912285423722
1730,146.20670372555168,0.5721101574670007
1731,2051.752247952014,0.3385329013476842
1732,193.2742436088359,0.5539910443768341
1733,147.75374826888742,0.4600604584699031
1734,1720.1986299542718,0.3731605841090284
1735,1012.732812027381,0.25153913342390244
1736,215.9186225029315,0.7207023779955282
1737,1702.4910887186816,0.42700372692145483
1738,1052.7286169739684,0.16200877507057498
1739,1626.7986582034748,0.26001303799468484
1740,1485.7208811034052,0.25039822599953354
1741,22.534056988315246,0.6187610243058542
1742,19.361869106747573,0.7274723507104361
1743,20.905561444447148,0.6913660184814768
1744,957.4249582250865,0.014058983313357249
1745,1667.702422943696,0.12783110815171306
1746,166.0980068424713,0.2567107665059399
1747,1046.0740011824034,0.36426726594504866
1748,1909.3498707928247,0.49010514313205356
1749,22.409508160201693,0.7698182358969727
1750,870.7068703631165,0.3144923978268674
1751,223.83067535099073,0.5205205850996382
1752,1147.871068423802,0.07906747973892637
1753,854.192062035864,0.22954609820219016
1754,795.1020338330791,0.16394051406569327
1755,205.7116322251178,0.5937667715146955
1756,18.395124153004044,0.6734603227961516
1757,193.51045853976532,0.5621782649824258
1758,240.46800360052507,0.4656512128073797
1759,914.0159539219612,0.3638507279091349
1760,297.9076113456357,0.5258801929374194
1761,263.5848395761279,0.3172002684402696
1762,11.74158255754502,0.8784279247346142
1763,1008.8236794515059,0.21009252982774804
1764,287.54205358250135,0.2971591226669436
1765,1029.29053718372,0.2715017968446151
1766,1764.6308271416635,0.7284354855217403
1767,19.698596254860092,0.6360544400702961
1768,199.12513271724472,0.5294417027048629
1769,1468.0188874989635,0.2879119665299015
1770,2003.1189619502209,0.6392659556134683
1771,162.5964097839166,0.3584834278620096
1772,16.038660070181432,0.8610593209677245
1773,293.4016462479555,0.41347907633399966
1774,247.04346191366483,0.5536627822652609
1775,23.144695548482368,0.7390094405176528
1776,2128.1504516545515,0.3886911957002816
1777,264.6994606645834,0.42272254388704794
1778,1998.4504251510605,0.2054666273841168
1779,1513.6540606950516,0.6573346456873834
1780,14.481653645164048,0.8884635253774641
1781,971.2299617660476,0.1869783641114156
1782,141.85523418760994,0.4090333824598502
1783,203.2147439293791,0.6770146438396341
1784,128.1198731944222,0.3972564355906221
1785,183.49736323779996,0.7397819418937542
1786,220.2044807108457,0.4871420560194082
1787,150.50423434882256,0.4533775699856289
1788,244.7295741284615,0.7565911205800544
1789,959.4176469173642,0.5323690881945925
1790,140.39608677120913,0.3851915931567363
1791,850.3955059830108,0.28790236535719466
1792,37.44823804704935,0.9320286097988841
1793,209.6904504165559,0.4741464535818497
1794,235.33542351011545,0.38741449058605437
1795,854.0149697783705,0.47020651908478844
1796,883.0857249332666,0.6554118651774546
1797,27.930570657106557,0.9038592628441173
1798,977.745325765592,0.29042449538934195
1799,913.1667289960824,0.14233944340322444
1800,826.4083624763397,0.39544637070581273
1801,115.14519283552723,0.7121418850687502
1802,13.291905121273015,0.8074949683908593
1803,1354.0848851776245,0.767325954296397
1804,1743.5044578433549,0.5580568126795902
1805,1868.888988870116,0.5403649944301734
1806,19.812946759130686,0.9514105539674408
1807,245.8683324738924,0.22804868241362716
1808,1065.1985565847456,0.25384283129858765
1809,1131.8278703742822,0.39374074582701224
1810,845.6756590825617,0.25356913466832653
1811,148.4952461755255,0.5946784484622691
1812,19.12434122180328,0.8153574188866433
1813,1706.4152555333505,0.2386153415408124
1814,933.1794709367886,0.1398570912183238
1815,980.5960024437836,0.33931084676851103
1816,249.1895875976603,0.25579357207877607
1817,1694.3098004199219,0.1965699655924994
1818,18.07621998394644,0.9138015879565907
1819,229.51351555376613,0.4066028648808129
1820,2059.9001534013173,0.25191567532926057
1821,844.1849007529313,0.3215799564054682
1822,823.6515394938893,0.4371323340471214
1823,235.84397674097258,0.11045548609842147
1824,10.388429062635836,0.8389051507939718
1825,225.33182274545015,0.3837040830121383
1826,247.44326227234205,0.4880454895948114
1827,924.0915940919369,0.26627771283914514
1828,172.79593444912095,0.314258908445025
1829,23.973206017868293,0.9365552876040313
1830,2078.7716945938696,0.7198421217690906
1831,233.14968510262997,0.5037405776911866
1832,199.60920414547107,0.2652132029052317
1833,176.45050948679983,0.6963307333619724
1834,25.988709683135855,0.9013725581409332
1835,14.297107552557229,0.8021813337459504
1836,160.47003894343652,0.41749897096327954
1837,969.40210045058,0.2245503973993592
1838,2042.1551043869592,0.3437394423706328
1839,231.15055146488743,0.30480153510073404
1840,1069.661773600482,0.17469344328862327
1841,1857.4593145498175,0.4025807785950496
1842,1890.1285873447928,0.503544590426823
1843,2009.0415164064502,0.19170091470642198
1844,275.6595842160105,0.4149857529985338
1845,154.49006468860446,0.5991295906063777
1846,684.505255938324,0.2832641979846333
1847,974.0487649467761,0.4171087582259614
1848,1091.1646503919558,0.08093865692556734
1849,228.17021802240262,0.46873635400896907
1850,241.04887809124583,0.5686733729128816
1851,1833.9653345167374,0.22570100552582956
1852,22.59421961470056,0.9983699699909759
1853,177.6387820161238,0.33164853392104243
1854,18.73496326199445,0.5769893630839689
1855,187.68549286956,0.39603221392194965
1856,1659.2626469016004,0.30319770139430063
1857,23.917340531044587,0.9343575204422927
1858,260.6192226444876,0.27987370852740606
1859,18.9015647748808,0.755997260666548
1860,23.043281693170666,0.950752189504572
1861,11.772438774373269,0.8866999069535413
1862,181.08036536530992,0.680159536648572
1863,856.5994497937286,0.4241863056109744
1864,156.82389334926435,0.16438863225528966
1865,153.01952414510754,0.78491790908911
1866,219.42926445163016,0.5554719692706505
1867,1064.947706082853,0.3424955183354964
1868,1083.5431728969584,0.2927234653144578
1869,1029.5021459269174,0.4494312918415788
1870,5.344516181437307,0.9517133431579028
1871,16.42087043062625,0.7402241480186028
1872,994.9728475506112,0.08899736308729882
1873,223.3227986484706,0.5910800925667017
1874,20.46566478696163,0.8996759001000544
1875,18.375102778693368,0.9028507929266942
1876,179.54657068383125,0.47784654220945383
1877,199.2025136511615,0.6779900318040214
1878,189.27966576256208,0.436991016123712
1879,2162.9298334646155,0.2846915876575068
1880,207.82868744983682,0.666932034224553
1881,223.52857297001486,0.5350287019659934
1882,282.7534170913247,0.3935053614287628
1883,187.56382879587338,0.655942451719928
1884,20.638306749217247,0.837667500137566
1885,795.1738331769164,0.31967473605079677
1886,233.5202744529726,0.6623492884421884
1887,1005.1283332775588,0.19368711824302223
1888,1129.6370774758677,0.19775698474482825
1889,18.409096412366587,0.8871590589005748
1890,160.6685014222875,0.4353893875740189
1891,976.0706161971275,0.5688901191257945
1892,1695.2374790981958,0.6692166162828028
1893,25.454895138097324,0.9746745769969704
1894,945.0031209189467,0.22297969762686767
1895,241.02884058344736,0.29642105894193893
1896,18.13784573481301,0.8733291214009994
1897,234.34234885318597,0.11289665225365403
1898,888.9600166459311,0.24718197883160276
1899,1696.1948562163702,0.6647132658784335
1900,28.171846472659695,0.7441941412334729
1901,123.12483908826376,0.4052109402460129
1902,756.5956078252381,0.3693864241799933
1903,19.95458602952157,0.9521165680756015
1904,784.5215048204765,0.1520947337110151
1905,25.77866356060446,0.8111209995786086
1906,823.3092537941784,0.17077472279219005
1907,290.0522598269667,0.5337357158860994
1908,1871.3656997315923,0.42291555279506415
1909,1678.2816388861443,0.25068926876307956
1910,1064.2449563001762,0.14647696836067414
1911,1916.9450694071882,0.4317888741324021
1912,243.77474416308607,0.44294620241120497
1913,292.4469309280929,0.22702077527573464
1914,1511.2762885465802,0.3042597124572676
1915,2087.9195854860272,0.25601525833715555
1916,20.74710685346337,0.8769329007888514
1917,232.4186388854895,0.5671098023904333
1918,126.82819219909277,0.5750394511903539
1919,1805.9124573744202,0.37163695796266527
1920,1436.052272017565,0.6454743678240059
1921,200.8591925192764,0.7151355346908012
1922,1035.186492572177,0.25085490592592585
1923,223.26920384095877,0.500389064389137
1924,1551.434788334035,0.4015007339967411
1925,19.448084096769822,0.9098264496117109
1926,792.359019219032,0.3476911386938995
1927,210.8152705624158,0.6142424770096304
1928,267.7747766437504,0.4681730850482856
1929,155.4584159934609,0.2766600869230836
1930,928.5272606209492,0.16052200850179058
1931,161.4886508444929,0.5190811501490946
1932,201.13050119072773,0.5914585423904732
1933,168.98678516661607,0.637014572386001
1934,246.08381597387836,0.41042853841780613
1935,193.11070694038597,0.32613158863975644
1936,21.97880902129035,0.7514131396026009
1937,1572.2434126047574,0.35492476510241494
1938,23.516208644112062,0.8400207819596147
1939,245.38059055233842,0.31781769677063415
1940,1015.1833732169052,0.3339968571698699
1941,965.6898741198513,0.16066096640775623
1942,2053.579759034177,0.3637471099440452
1943,23.126447562710343,0.7907658187412372
1944,18.87758922768286,0.960925537688811
1945,20.50337751549467,0.8706206091225878
1946,146.32444765516877,0.5102585167255667
1947,1829.1517278655315,0.39858251590274435
1948,1068.3535444768604,0.19168589351857795
1949,1740.212520596034,0.24677590270333083
1950,1742.0625654492899,0.45959432677730266
1951,929.6240486505579,0.4361818147158154
1952,926.9915238388644,0.6809091763187693
1953,237.88773901040918,0.5225979397561701
1954,20.38799234920539,0.9413374689017845
1955,142.33699136623707,0.3429606084844242
1956,210.14466896330626,0.5593133086976894
1957,273.80574372828823,0.40270451145397007
1958,1966.158784620662,0.6914368495260379
1959,169.66680296247165,0.39213848354304925
1960,16.516951579038782,0.8268475419438616
1961,1024.3009694050077,0.07687461951854418
1962,1494.8840149632238,0.4390472740439315
1963,18.458716851233067,0.7406806421539721
1964,2135.9456952744213,0.23582018329638163
1965,167.75955318032584,0.30503866581974626
1966,293.9341239919179,0.5748003364676995
1967,1106.958406628108,0.027883366889059003
1968,1773.3404866012143,0.5058848426772065
1969,1864.690472852078,0.36938106076879174
1970,949.7337812017345,0.2767383364568213
1971,1098.8134627240202,0.1543572934095913
1972,30.578065916656275,0.9057143157945196
1973,1839.9964399727373,0.1530918935425106
1974,179.78173371598373,0.5673689975942011
1975,1688.9199201115323,0.6403037848326113
1976,253.5831989772375,0.5292200354819114
1977,1796.639736804452,0.1600402300279913
1978,1518.9319105790141,0.4423006788296842
1979,207.13106963344413,0.30826242151507816
1980,19.026793177095037,0.9451034393524743
1981,919.6739222333293,0.3327081109294846
1982,16.54155170458791,0.7685379083222782
1983,172.4774063655394,0.23179440964922085
1984,206.6713457326727,0.4968138004941203
1985,889.1176837576635,0.490202043398011
1986,892.2442975476988,0.22949851388917006
1987,13.897928945944576,0.9280679145391234
1988,216.5124044667512,0.7087789649278172
1989,2171.760527116103,0.5371988882120529
1990,24.85392277138571,0.8527697604844999
1991,24.170502859550343,0.6922473706886465
1992,1018.4934939401192,0.20747456193425376
1993,255.3636486001902,0.6715889919456095
1994,960.0444496859781,0.3496901742162145
1995,20.308941351148242,0.9187279073518547
1996,153.1631322346992,0.3619271147313614
1997,243.96319525832803,0.6511137679964935
1998,975.674726103953,0.32944562816877415
1999,914.0244983394368,0.34801297936339437
2000,1815.9377562889463,0.718128001053704
